,from,to,human_ligand,human_receptor
3,AMEX60DDU001005418,AMEX60DD055040,SEMA3F,NRP2
5,AMEX60DD030506,AMEX60DD053102,HEBP1,ADRA2A
6,AMEX60DD030506,AMEX60DD049589,HEBP1,MTNR1A
9,AMEX60DD007589,AMEX60DD022047,DCN,EGFR
11,AMEX60DD007589,AMEX60DD055396,DCN,ERBB4
28,AMEX60DD006587,AMEX60DD027855,FGF4,FGFR4
29,AMEX60DD006587,AMEX60DD002586,FGF4,FGFR1
30,AMEX60DD006587,AMEX60DD046037,FGF4,FGFR3
32,AMEX60DD002716,AMEX60DD022047,ST6GAL1,EGFR
33,AMEX60DD030673,AMEX60DD002483,NTN1,UNC5D
34,AMEX60DD030673,AMEX60DD051903,NTN1,UNC5B
35,AMEX60DD030673,AMEX60DD041771,NTN1,DCC
36,AMEX60DD030673,AMEX60DD027843,NTN1,UNC5A
37,AMEX60DD030673,AMEX60DD054777,NTN1,ADORA2B
38,AMEX60DD030673,AMEX60DD044041,NTN1,UNC5C
39,AMEX60DD030673,AMEX60DD003881,NTN1,NEO1
52,AMEX60DD045469,AMEX60DD027855,FGF20,FGFR4
53,AMEX60DD045469,AMEX60DD002586,FGF20,FGFR1
54,AMEX60DD045469,AMEX60DD046037,FGF20,FGFR3
57,AMEX60DD036933,AMEX60DDU001023170,EFNB1,EPHB6
58,AMEX60DD036933,AMEX60DD012724,EFNB1,EPHB4
59,AMEX60DD036933,AMEX60DD010312,EFNB1,ERBB2
60,AMEX60DD036933,AMEX60DD002331,EFNB1,EPHB1
61,AMEX60DD036933,AMEX60DD001552,EFNB1,EPHB3
62,AMEX60DD036933,AMEX60DD052063,EFNB1,EPHB2
63,AMEX60DD036933,AMEX60DD002422,EFNB1,EPHA4
70,AMEX60DD052160,AMEX60DD056076,VCL,ITGB5
71,AMEX60DD052160,AMEX60DD011957,VCL,ALK
72,AMEX60DD013511,AMEX60DD033914,EFNA2,EPHA7
73,AMEX60DD013511,AMEX60DD005849,EFNA2,EPHA10
75,AMEX60DD013511,AMEX60DD026309,EFNA2,EPHA1
76,AMEX60DD013511,AMEX60DD043966,EFNA2,EPHA5
77,AMEX60DD013511,AMEX60DD002422,EFNA2,EPHA4
79,AMEX60DD013511,AMEX60DD052346,EFNA2,EPHA2
85,AMEX60DDU001032566,AMEX60DD055954,MIF,CXCR4
87,AMEX60DDU001032566,AMEX60DD022047,MIF,EGFR
88,AMEX60DDU001032566,AMEX60DD056252,MIF,CXCR2
95,AMEX60DD029362,AMEX60DD018338,LGALS1,PTPRC
96,AMEX60DD011644,AMEX60DD051881,NID2,COL13A1
104,AMEX60DD046199,AMEX60DD007737,OXT,AVPR1A
105,AMEX60DD046199,AMEX60DD023546,OXT,OXTR
106,AMEX60DD037400,AMEX60DD029732,F9,LRP1
112,AMEX60DD017764,AMEX60DD040162,MMP2,SDC2
113,AMEX60DD017764,AMEX60DD002586,MMP2,FGFR1
124,AMEX60DD002950,AMEX60DD009877,SFRP1,FZD2
127,AMEX60DD002881,AMEX60DD029732,PLAT,LRP1
128,AMEX60DD002881,AMEX60DD055359,PLAT,ITGB2
129,AMEX60DDU001004067,AMEX60DD006973,DKK4,LRP6
130,AMEX60DDU001004067,AMEX60DD004352,DKK4,LRP5
149,AMEX60DD024471,AMEX60DD022047,TGFB1,EGFR
150,AMEX60DD024471,AMEX60DD003401,TGFB1,SMAD3
151,AMEX60DD024471,AMEX60DD022702,TGFB1,TGFBR2
152,AMEX60DD024471,AMEX60DD009754,TGFB1,ITGB3
153,AMEX60DD024471,AMEX60DD038999,TGFB1,TGFBR1
154,AMEX60DD024471,AMEX60DD030013,TGFB1,ACVRL1
156,AMEX60DD024471,AMEX60DD055305,TGFB1,ITGAV
158,AMEX60DD024471,AMEX60DD006319,TGFB1,CAV1
159,AMEX60DD024471,AMEX60DD040162,TGFB1,SDC2
160,AMEX60DD024471,AMEX60DD022278,TGFB1,ITGB8
161,AMEX60DD024471,AMEX60DD055954,TGFB1,CXCR4
162,AMEX60DD024471,AMEX60DD056076,TGFB1,ITGB5
170,AMEX60DD006229,AMEX60DD033101,HGF,SDC1
173,AMEX60DD006229,AMEX60DD040162,HGF,SDC2
175,AMEX60DD006229,AMEX60DD053573,HGF,ST14
176,AMEX60DD007482,AMEX60DD029894,LAMB1,ITGA7
177,AMEX60DD007482,AMEX60DD055305,LAMB1,ITGAV
179,AMEX60DD007482,AMEX60DD055675,LAMB1,ITGA6
180,AMEX60DD007482,AMEX60DD042067,LAMB1,ITGA1
181,AMEX60DD007482,AMEX60DD042070,LAMB1,ITGA2
183,AMEX60DD007453,AMEX60DD027998,NAMPT,ADORA2A
187,AMEX60DD025767,AMEX60DD030144,PDAP1,PDGFRB
190,AMEX60DD013396,AMEX60DD055305,SERPINE1,ITGAV
191,AMEX60DD013396,AMEX60DD029732,SERPINE1,LRP1
192,AMEX60DD013396,AMEX60DD056076,SERPINE1,ITGB5
193,AMEX60DD050615,AMEX60DD053102,C5,ADRA2A
194,AMEX60DD050615,AMEX60DD049589,C5,MTNR1A
229,AMEX60DD009937,AMEX60DDU001005665,COL1A1,ITGA5
231,AMEX60DD009937,AMEX60DD030160,COL1A1,FLT4
232,AMEX60DD009937,AMEX60DD006223,COL1A1,CD36
233,AMEX60DD009937,AMEX60DD042067,COL1A1,ITGA1
234,AMEX60DD009937,AMEX60DD018528,COL1A1,DDR2
236,AMEX60DD009937,AMEX60DD055305,COL1A1,ITGAV
238,AMEX60DD009937,AMEX60DD004228,COL1A1,ITGA11
239,AMEX60DD009937,AMEX60DD029322,COL1A1,TMPRSS6
240,AMEX60DD009937,AMEX60DD042070,COL1A1,ITGA2
241,AMEX60DD009937,AMEX60DD051010,COL1A1,DDR1
242,AMEX60DD013025,AMEX60DDU001023170,EFNB3,EPHB6
243,AMEX60DD013025,AMEX60DD012724,EFNB3,EPHB4
245,AMEX60DD013025,AMEX60DD002331,EFNB3,EPHB1
246,AMEX60DD013025,AMEX60DD001552,EFNB3,EPHB3
247,AMEX60DD013025,AMEX60DD052063,EFNB3,EPHB2
248,AMEX60DD013025,AMEX60DD002422,EFNB3,EPHA4
249,AMEX60DD054883,AMEX60DDU001005665,VTN,ITGA5
250,AMEX60DD054883,AMEX60DD022164,VTN,ITGA8
252,AMEX60DD054883,AMEX60DD055305,VTN,ITGAV
254,AMEX60DD054883,AMEX60DD045536,VTN,KDR
257,AMEX60DD054883,AMEX60DD009754,VTN,ITGB3
259,AMEX60DD054883,AMEX60DD040387,VTN,TNFRSF11B
261,AMEX60DD054883,AMEX60DD056076,VTN,ITGB5
291,AMEX60DD005045,AMEX60DD027855,FGF6,FGFR4
292,AMEX60DD005045,AMEX60DD002586,FGF6,FGFR1
293,AMEX60DD005045,AMEX60DD046037,FGF6,FGFR3
301,AMEX60DD035117,AMEX60DD055675,LAMA4,ITGA6
302,AMEX60DD035117,AMEX60DD055305,LAMA4,ITGAV
320,AMEX60DD024084,AMEX60DD055040,SEMA3G,NRP2
321,AMEX60DD002300,AMEX60DD029732,LTF,LRP1
322,AMEX60DD002300,AMEX60DD003146,LTF,TFRC
345,AMEX60DD056290,AMEX60DD049635,WNT6,FZD4
349,AMEX60DD018261,AMEX60DD044621,ANGPTL1,TEK
356,AMEX60DD006585,AMEX60DD048470,FGF23,PHEX
357,AMEX60DD006585,AMEX60DD049227,FGF23,KL
358,AMEX60DD006585,AMEX60DD027855,FGF23,FGFR4
359,AMEX60DD006585,AMEX60DD002586,FGF23,FGFR1
360,AMEX60DD006585,AMEX60DD046037,FGF23,FGFR3
363,AMEX60DD011161,AMEX60DD022702,TGFB3,TGFBR2
364,AMEX60DD011161,AMEX60DD009754,TGFB3,ITGB3
365,AMEX60DD011161,AMEX60DD038999,TGFB3,TGFBR1
366,AMEX60DD011161,AMEX60DD030013,TGFB3,ACVRL1
368,AMEX60DD011161,AMEX60DD056076,TGFB3,ITGB5
388,AMEX60DD009229,AMEX60DD035296,GSTM2,RYR2
392,AMEX60DD038105,AMEX60DD003401,INHBA,SMAD3
393,AMEX60DD038105,AMEX60DD021836,INHBA,BAMBI
394,AMEX60DD038105,AMEX60DD030011,INHBA,ACVR1B
435,AMEX60DD032076,AMEX60DD049589,C3,MTNR1A
441,AMEX60DD032076,AMEX60DD053102,C3,ADRA2A
442,AMEX60DD032076,AMEX60DD004560,C3,IFITM1
444,AMEX60DD032076,AMEX60DD055359,C3,ITGB2
445,AMEX60DD032076,AMEX60DD004546,C3,CD81
446,AMEX60DD024888,AMEX60DD056252,VASP,CXCR2
458,AMEX60DD011563,AMEX60DD031636,DLL4,NOTCH3
459,AMEX60DD004665,AMEX60DD046210,TPH1,HTR7
460,AMEX60DD004665,AMEX60DD042224,TPH1,HTR1A
461,AMEX60DD004665,AMEX60DD047918,TPH1,HTR1F
462,AMEX60DD004665,AMEX60DD042223,TPH1,HTR1D
463,AMEX60DD004665,AMEX60DD037553,TPH1,HTR2C
465,AMEX60DD004665,AMEX60DD051542,TPH1,HTR6
466,AMEX60DD004665,AMEX60DD033647,TPH1,HTR1B
468,AMEX60DD004665,AMEX60DD003018,TPH1,HTR2B
469,AMEX60DD004665,AMEX60DD056015,TPH1,HTR5A
470,AMEX60DD004665,AMEX60DD033799,TPH1,HTR1E
472,AMEX60DDU001017415,AMEX60DD049589,AANAT,MTNR1A
489,AMEX60DD013937,AMEX60DD039579,NCAN,CDH2
498,AMEX60DD026932,AMEX60DD033101,LAMA5,SDC1
499,AMEX60DD026932,AMEX60DD055675,LAMA5,ITGA6
502,AMEX60DD026932,AMEX60DD042070,LAMA5,ITGA2
508,AMEX60DD035775,AMEX60DD031636,JAG1,NOTCH3
511,AMEX60DD007681,AMEX60DD009197,NTS,SORT1
512,AMEX60DD007681,AMEX60DD026971,NTS,NTSR1
514,AMEX60DD008679,AMEX60DD020537,TSHB,PTH1R
516,AMEX60DD008679,AMEX60DD021330,TSHB,VIPR1
518,AMEX60DD008679,AMEX60DD027709,TSHB,ADRB2
520,AMEX60DD008679,AMEX60DD011301,TSHB,TSHR
521,AMEX60DD008679,AMEX60DDU001005617,TSHB,GPR84
523,AMEX60DD042075,AMEX60DD054991,FST,BMPR2
524,AMEX60DD042075,AMEX60DD044042,FST,BMPR1B
528,AMEX60DD006711,AMEX60DD030798,SPX,GALR2
531,AMEX60DD042813,AMEX60DDU001006483,SEMA6A,PLXNA2
534,AMEX60DD029944,AMEX60DD030011,GDF11,ACVR1B
535,AMEX60DD029944,AMEX60DD054991,GDF11,BMPR2
536,AMEX60DD029944,AMEX60DD044043,GDF11,BMPR1A
537,AMEX60DD029944,AMEX60DD044042,GDF11,BMPR1B
538,AMEX60DD018598,AMEX60DD055675,LAMC1,ITGA6
539,AMEX60DD018598,AMEX60DD042067,LAMC1,ITGA1
540,AMEX60DD018598,AMEX60DD029894,LAMC1,ITGA7
541,AMEX60DD018598,AMEX60DD055305,LAMC1,ITGAV
543,AMEX60DD018598,AMEX60DD042070,LAMC1,ITGA2
570,AMEX60DD049502,AMEX60DD033101,MMP7,SDC1
572,AMEX60DD049502,AMEX60DD055396,MMP7,ERBB4
573,AMEX60DD012285,AMEX60DD055551,THBS1,ITGA4
575,AMEX60DD012285,AMEX60DD033101,THBS1,SDC1
577,AMEX60DD012285,AMEX60DD004352,THBS1,LRP5
579,AMEX60DD012285,AMEX60DD009754,THBS1,ITGB3
581,AMEX60DD012285,AMEX60DD000055,THBS1,SCARB1
582,AMEX60DD012285,AMEX60DD055675,THBS1,ITGA6
583,AMEX60DD012285,AMEX60DD040387,THBS1,TNFRSF11B
584,AMEX60DD012285,AMEX60DD006223,THBS1,CD36
586,AMEX60DD004094,AMEX60DD044021,ADAM10,TSPAN5
587,AMEX60DD004094,AMEX60DD024397,ADAM10,TSPAN15
590,AMEX60DD004094,AMEX60DD053960,ADAM10,CADM1
591,AMEX60DD004094,AMEX60DD052032,ADAM10,TSPAN14
598,AMEX60DD004094,AMEX60DD024484,ADAM10,AXL
601,AMEX60DD048332,AMEX60DD042067,COL8A1,ITGA1
602,AMEX60DD048332,AMEX60DD042070,COL8A1,ITGA2
604,AMEX60DD006619,AMEX60DD032718,VWF,SCARA5
606,AMEX60DD006619,AMEX60DD009754,VWF,ITGB3
607,AMEX60DD006619,AMEX60DD008383,VWF,STAB2
610,AMEX60DD006619,AMEX60DD040387,VWF,TNFRSF11B
612,AMEX60DD017034,AMEX60DD022047,CDH1,EGFR
613,AMEX60DD017034,AMEX60DD004352,CDH1,LRP5
616,AMEX60DD017034,AMEX60DD029929,CDH1,ERBB3
618,AMEX60DD017034,AMEX60DD039579,CDH1,CDH2
620,AMEX60DD017034,AMEX60DD039263,CDH1,PTPRM
621,AMEX60DD017034,AMEX60DD020036,CDH1,PTPRF
626,AMEX60DD048549,AMEX60DD040162,ANOS1,SDC2
627,AMEX60DD048549,AMEX60DD002586,ANOS1,FGFR1
640,AMEX60DD024558,AMEX60DD039367,MIA,CDH7
642,AMEX60DD023636,AMEX60DD023815,CNTN3,PTPRG
648,AMEX60DD002235,AMEX60DDU001006483,FARP2,PLXNA2
650,AMEX60DD018597,AMEX60DD055675,LAMC2,ITGA6
653,AMEX60DD018597,AMEX60DD042070,LAMC2,ITGA2
665,AMEX60DD044865,AMEX60DD033101,FGF2,SDC1
666,AMEX60DD044865,AMEX60DD002586,FGF2,FGFR1
671,AMEX60DD044865,AMEX60DD037492,FGF2,GPC4
672,AMEX60DD044865,AMEX60DD040162,FGF2,SDC2
673,AMEX60DD044865,AMEX60DD046097,FGF2,FGFRL1
674,AMEX60DD044865,AMEX60DD027855,FGF2,FGFR4
675,AMEX60DD044865,AMEX60DD046037,FGF2,FGFR3
679,AMEX60DD023726,AMEX60DD036540,WNT5A,PTK7
680,AMEX60DD023726,AMEX60DD032011,WNT5A,LDLR
681,AMEX60DD023726,AMEX60DD004352,WNT5A,LRP5
682,AMEX60DD023726,AMEX60DD033914,WNT5A,EPHA7
683,AMEX60DD023726,AMEX60DD055073,WNT5A,FZD5
684,AMEX60DD023726,AMEX60DD019369,WNT5A,ROR1
685,AMEX60DD023726,AMEX60DD016905,WNT5A,VANGL2
686,AMEX60DD023726,AMEX60DD002309,WNT5A,RYK
687,AMEX60DD023726,AMEX60DD042956,WNT5A,ROR2
688,AMEX60DD023726,AMEX60DD034694,WNT5A,PTPRK
689,AMEX60DD023726,AMEX60DD027709,WNT5A,ADRB2
690,AMEX60DD023726,AMEX60DD022211,WNT5A,FZD1
691,AMEX60DD023726,AMEX60DD049635,WNT5A,FZD4
693,AMEX60DD023726,AMEX60DD054983,WNT5A,FZD7
695,AMEX60DD023726,AMEX60DD021741,WNT5A,FZD8
696,AMEX60DD023726,AMEX60DD009877,WNT5A,FZD2
697,AMEX60DD023726,AMEX60DD001404,WNT5A,ANTXR1
700,AMEX60DD042028,AMEX60DD046097,FGF10,FGFRL1
701,AMEX60DD042028,AMEX60DD002586,FGF10,FGFR1
712,AMEX60DDU001007321,AMEX60DD047487,OLFM2,ROBO2
713,AMEX60DD038300,AMEX60DD055551,F13A1,ITGA4
726,AMEX60DD004178,AMEX60DD055551,VCAN,ITGA4
728,AMEX60DD004178,AMEX60DD022047,VCAN,EGFR
731,AMEX60DD050822,AMEX60DDU001005665,TNC,ITGA5
732,AMEX60DD050822,AMEX60DD033101,TNC,SDC1
733,AMEX60DD050822,AMEX60DD022047,TNC,EGFR
734,AMEX60DD050822,AMEX60DD009754,TNC,ITGB3
736,AMEX60DD050822,AMEX60DD006522,TNC,PTPRB
737,AMEX60DD050822,AMEX60DD022164,TNC,ITGA8
738,AMEX60DD050822,AMEX60DD029894,TNC,ITGA7
742,AMEX60DD050822,AMEX60DD042070,TNC,ITGA2
743,AMEX60DD044302,AMEX60DD022047,EGF,EGFR
744,AMEX60DD044302,AMEX60DD032011,EGF,LDLR
745,AMEX60DD044302,AMEX60DDU001036868,EGF,FSHR
746,AMEX60DD044302,AMEX60DD029929,EGF,ERBB3
747,AMEX60DD044302,AMEX60DD027709,EGF,ADRB2
748,AMEX60DD044302,AMEX60DD006319,EGF,CAV1
750,AMEX60DD044302,AMEX60DD010312,EGF,ERBB2
751,AMEX60DD044302,AMEX60DD055396,EGF,ERBB4
753,AMEX60DD044302,AMEX60DD024484,EGF,AXL
754,AMEX60DD006224,AMEX60DD023498,SEMA3C,PLXND1
756,AMEX60DD006224,AMEX60DD055040,SEMA3C,NRP2
761,AMEX60DD006239,AMEX60DDU001006483,SEMA3A,PLXNA2
762,AMEX60DD006239,AMEX60DD055040,SEMA3A,NRP2
771,AMEX60DD025890,AMEX60DD029261,NPTX2,NPTXR
772,AMEX60DD004335,AMEX60DD053102,GAL,ADRA2A
773,AMEX60DD004335,AMEX60DD049589,GAL,MTNR1A
774,AMEX60DD004335,AMEX60DD030798,GAL,GALR2
776,AMEX60DD004335,AMEX60DD028784,GAL,GPR151
777,AMEX60DD004335,AMEX60DD017775,GAL,GALR1
787,AMEX60DD007066,AMEX60DD037538,TIMP3,AGTR2
798,AMEX60DD003767,AMEX60DD027855,FGF7,FGFR4
799,AMEX60DD003767,AMEX60DD002586,FGF7,FGFR1
800,AMEX60DD003767,AMEX60DD046037,FGF7,FGFR3
802,AMEX60DD003594,AMEX60DD027783,HDC,HRH2
803,AMEX60DD003594,AMEX60DD026924,HDC,HRH3
804,AMEX60DD004173,AMEX60DD009754,MFGE8,ITGB3
805,AMEX60DD010139,AMEX60DD021741,IGFBP4,FZD8
822,AMEX60DD009087,AMEX60DD047640,REN,ATP6AP2
825,AMEX60DD054284,AMEX60DD040528,CALM2,KCNQ3
826,AMEX60DD054284,AMEX60DD022047,CALM2,EGFR
827,AMEX60DD054284,AMEX60DD033597,CALM2,KCNQ5
829,AMEX60DD054284,AMEX60DD056087,CALM2,MYLK
832,AMEX60DD054284,AMEX60DD040513,CALM2,ADCY8
833,AMEX60DD054284,AMEX60DD037995,CALM2,PDE1C
836,AMEX60DD054284,AMEX60DD018191,CALM2,PLPP6
837,AMEX60DD054284,AMEX60DD029838,CALM2,AQP6
838,AMEX60DD054284,AMEX60DD049625,CALM2,GRM5
839,AMEX60DD054284,AMEX60DD027192,CALM2,MYLK2
840,AMEX60DD054284,AMEX60DD021318,CALM2,AQP1
841,AMEX60DD054284,AMEX60DD009634,CALM2,SCN4A
843,AMEX60DD023878,AMEX60DD022047,LRIG1,EGFR
848,AMEX60DD045083,AMEX60DD055073,SFRP2,FZD5
849,AMEX60DD042911,AMEX60DD013570,MEGF10,ABCA1
852,AMEX60DD046672,AMEX60DD027855,FGF18,FGFR4
853,AMEX60DD046672,AMEX60DD002586,FGF18,FGFR1
854,AMEX60DD046672,AMEX60DD046037,FGF18,FGFR3
867,AMEX60DD040292,AMEX60DD004952,RSPO2,LGR4
868,AMEX60DD040292,AMEX60DD001151,RSPO2,ZNRF3
875,AMEX60DD025268,AMEX60DD011301,GPHA2,TSHR
893,AMEX60DD043575,AMEX60DD054991,BMP3,BMPR2
894,AMEX60DD043575,AMEX60DD044043,BMP3,BMPR1A
895,AMEX60DD043575,AMEX60DD044042,BMP3,BMPR1B
897,AMEX60DD038339,AMEX60DD054991,BMP6,BMPR2
898,AMEX60DD038339,AMEX60DD044043,BMP6,BMPR1A
899,AMEX60DD038339,AMEX60DD044042,BMP6,BMPR1B
900,AMEX60DD006241,AMEX60DD023498,SEMA3D,PLXND1
901,AMEX60DD020503,AMEX60DD004352,WNT3A,LRP5
902,AMEX60DD020503,AMEX60DD055073,WNT3A,FZD5
903,AMEX60DD020503,AMEX60DD019369,WNT3A,ROR1
904,AMEX60DD020503,AMEX60DD047640,WNT3A,ATP6AP2
905,AMEX60DD020503,AMEX60DD038203,WNT3A,APCDD1
906,AMEX60DD020503,AMEX60DD002309,WNT3A,RYK
907,AMEX60DD020503,AMEX60DD022211,WNT3A,FZD1
908,AMEX60DD020503,AMEX60DD054983,WNT3A,FZD7
910,AMEX60DD020503,AMEX60DD021741,WNT3A,FZD8
911,AMEX60DD020503,AMEX60DD009877,WNT3A,FZD2
913,AMEX60DD047408,AMEX60DD043107,APP,VLDLR
914,AMEX60DD047408,AMEX60DD049589,APP,MTNR1A
917,AMEX60DD047408,AMEX60DD009334,APP,LRP10
918,AMEX60DD047408,AMEX60DD001573,APP,PLD1
919,AMEX60DD047408,AMEX60DD024397,APP,TSPAN15
920,AMEX60DD047408,AMEX60DD041771,APP,DCC
921,AMEX60DD047408,AMEX60DD006319,APP,CAV1
922,AMEX60DD047408,AMEX60DD030446,APP,RPSA
923,AMEX60DD047408,AMEX60DD032963,APP,TNFRSF21
924,AMEX60DD047408,AMEX60DD016907,APP,NCSTN
926,AMEX60DD023665,AMEX60DD032011,WNT7A,LDLR
927,AMEX60DD023665,AMEX60DD024930,WNT7A,RECK
929,AMEX60DD023665,AMEX60DD055073,WNT7A,FZD5
930,AMEX60DD044644,AMEX60DD028021,DKK2,KREMEN2
931,AMEX60DD008217,AMEX60DD002309,WIF1,RYK
932,AMEX60DD044173,AMEX60DD041836,ADAMTS3,CCBE1
938,AMEX60DD040148,AMEX60DD054991,GDF6,BMPR2
939,AMEX60DD040148,AMEX60DD044043,GDF6,BMPR1A
940,AMEX60DD040148,AMEX60DD044042,GDF6,BMPR1B
944,AMEX60DD003175,AMEX60DD020731,SST,SSTR5
945,AMEX60DD003175,AMEX60DDU001033895,SST,SSTR2
946,AMEX60DD003175,AMEX60DD049589,SST,MTNR1A
947,AMEX60DD003175,AMEX60DD029326,SST,SSTR3
949,AMEX60DD052091,AMEX60DD021741,WNT4,FZD8
950,AMEX60DD052091,AMEX60DD009877,WNT4,FZD2
952,AMEX60DD009729,AMEX60DD011408,ACE,BDKRB2
953,AMEX60DD009729,AMEX60DD037538,ACE,AGTR2
958,AMEX60DD035913,AMEX60DD040528,CALM3,KCNQ3
959,AMEX60DD035913,AMEX60DD033597,CALM3,KCNQ5
960,AMEX60DD035913,AMEX60DD034378,CALM3,ESR1
962,AMEX60DD035913,AMEX60DD056087,CALM3,MYLK
965,AMEX60DD035913,AMEX60DD035296,CALM3,RYR2
966,AMEX60DD035913,AMEX60DD037995,CALM3,PDE1C
969,AMEX60DD035913,AMEX60DD029838,CALM3,AQP6
970,AMEX60DD035913,AMEX60DD049625,CALM3,GRM5
971,AMEX60DD035913,AMEX60DD027192,CALM3,MYLK2
973,AMEX60DD035913,AMEX60DD021318,CALM3,AQP1
974,AMEX60DD035913,AMEX60DD009634,CALM3,SCN4A
979,AMEX60DD015004,AMEX60DD043161,S100A1,TRPM3
980,AMEX60DD015004,AMEX60DD035296,S100A1,RYR2
981,AMEX60DD015004,AMEX60DD012123,S100A1,RYR1
986,AMEX60DD010044,AMEX60DD044169,HCRT,NPFFR2
987,AMEX60DD010044,AMEX60DD033476,HCRT,HCRTR2
988,AMEX60DD005060,AMEX60DD006040,SHANK1,ADGRB2
989,AMEX60DD005060,AMEX60DD013570,SHANK1,ABCA1
990,AMEX60DD005060,AMEX60DDU001033895,SHANK1,SSTR2
991,AMEX60DD005060,AMEX60DD018914,SHANK1,ADGRL2
992,AMEX60DD005060,AMEX60DD031740,SHANK1,ADGRL1
993,AMEX60DD029980,AMEX60DD002309,WNT1,RYK
994,AMEX60DD029980,AMEX60DD042956,WNT1,ROR2
995,AMEX60DD029980,AMEX60DD004352,WNT1,LRP5
998,AMEX60DD029980,AMEX60DD021741,WNT1,FZD8
999,AMEX60DD029980,AMEX60DD055073,WNT1,FZD5
1006,AMEX60DD048162,AMEX60DD002586,FGF11,FGFR1
1007,AMEX60DD048162,AMEX60DD046037,FGF11,FGFR3
1008,AMEX60DD020388,AMEX60DD003881,NTN3,NEO1
1009,AMEX60DD020388,AMEX60DD053448,NTN3,CDON
1013,AMEX60DD051109,AMEX60DD041771,DRAXIN,DCC
1020,AMEX60DD018590,AMEX60DD027709,ARPC5,ADRB2
1021,AMEX60DD018590,AMEX60DD032011,ARPC5,LDLR
1023,AMEX60DD056132,AMEX60DD003401,INHBB,SMAD3
1024,AMEX60DD056132,AMEX60DD030011,INHBB,ACVR1B
1026,AMEX60DD001415,AMEX60DD030013,BMP10,ACVRL1
1027,AMEX60DD001415,AMEX60DD054991,BMP10,BMPR2
1028,AMEX60DD001415,AMEX60DD044043,BMP10,BMPR1A
1029,AMEX60DD001415,AMEX60DD044042,BMP10,BMPR1B
1030,AMEX60DD001392,AMEX60DD055396,TGFA,ERBB4
1034,AMEX60DD056311,AMEX60DD043057,IHH,PTCH1
1035,AMEX60DD056311,AMEX60DD044974,IHH,HHIP
1036,AMEX60DD056311,AMEX60DD046905,IHH,BOC
1037,AMEX60DD056311,AMEX60DD053448,IHH,CDON
1038,AMEX60DD056311,AMEX60DD019887,IHH,PTCH2
1046,AMEX60DD044138,AMEX60DD049589,PPBP,MTNR1A
1048,AMEX60DD044138,AMEX60DD056252,PPBP,CXCR2
1061,AMEX60DD043026,AMEX60DD003401,TDGF1,SMAD3
1062,AMEX60DD043026,AMEX60DD030011,TDGF1,ACVR1B
1065,AMEX60DD047475,AMEX60DD031598,LIPH,LPAR2
1066,AMEX60DD001694,AMEX60DD003146,MELTF,TFRC
1083,AMEX60DD021621,AMEX60DD004775,SHH,SCUBE2
1084,AMEX60DD021621,AMEX60DD046905,SHH,BOC
1086,AMEX60DD021621,AMEX60DD053448,SHH,CDON
1087,AMEX60DD021621,AMEX60DD043077,SHH,GAS1
1088,AMEX60DD021621,AMEX60DD043057,SHH,PTCH1
1089,AMEX60DD021621,AMEX60DD019887,SHH,PTCH2
1092,AMEX60DD022398,AMEX60DD004228,COL1A2,ITGA11
1093,AMEX60DD022398,AMEX60DD009754,COL1A2,ITGB3
1094,AMEX60DD022398,AMEX60DD006223,COL1A2,CD36
1097,AMEX60DD048295,AMEX60DD055551,VEGFD,ITGA4
1099,AMEX60DD048295,AMEX60DD055040,VEGFD,NRP2
1100,AMEX60DD011821,AMEX60DD001573,ARF6,PLD1
1101,AMEX60DD011821,AMEX60DD033575,ARF6,SMAP1
1103,AMEX60DD053518,AMEX60DD055359,JAM3,ITGB2
1105,AMEX60DD008374,AMEX60DD048520,HSP90B1,TLR7
1132,AMEX60DD003392,AMEX60DD029106,IL16,GRIN2B
1133,AMEX60DD003392,AMEX60DD029289,IL16,KCNJ4
1134,AMEX60DD003392,AMEX60DD047185,IL16,KCNJ15
1135,AMEX60DD003392,AMEX60DD008703,IL16,KCNA3
1137,AMEX60DD003392,AMEX60DD025653,IL16,KCND2
1138,AMEX60DD003392,AMEX60DD021489,IL16,GRIN2A
1140,AMEX60DD019519,AMEX60DD043107,PCSK9,VLDLR
1141,AMEX60DD019519,AMEX60DD032011,PCSK9,LDLR
1155,AMEX60DD055165,AMEX60DD018528,COL3A1,DDR2
1157,AMEX60DD055165,AMEX60DD016175,COL3A1,MAG
1158,AMEX60DD055165,AMEX60DD051010,COL3A1,DDR1
1165,AMEX60DD012742,AMEX60DD011291,NLGN2,NRXN3
1166,AMEX60DD012742,AMEX60DD036390,NLGN2,MDGA1
1172,AMEX60DD002776,AMEX60DD054991,BMP1,BMPR2
1173,AMEX60DD002776,AMEX60DD044043,BMP1,BMPR1A
1174,AMEX60DD002776,AMEX60DD044042,BMP1,BMPR1B
1177,AMEX60DD045096,AMEX60DD009754,FGB,ITGB3
1178,AMEX60DD045096,AMEX60DD055359,FGB,ITGB2
1204,AMEX60DD031350,AMEX60DD029261,NPTX1,NPTXR
1206,AMEX60DD042644,AMEX60DD054991,RGMB,BMPR2
1207,AMEX60DD042644,AMEX60DD003881,RGMB,NEO1
1208,AMEX60DD042644,AMEX60DD044042,RGMB,BMPR1B
1223,AMEX60DD034920,AMEX60DD055359,PLG,ITGB2
1228,AMEX60DD007305,AMEX60DD014152,CLCF1,CRLF1
1235,AMEX60DD025227,AMEX60DD021318,EFEMP2,AQP1
1242,AMEX60DD033279,AMEX60DD055396,ADAM17,ERBB4
1250,AMEX60DD024186,AMEX60DD019025,GNAI2,LPAR3
1252,AMEX60DD024186,AMEX60DD045012,GNAI2,EDNRA
1253,AMEX60DD024186,AMEX60DD008551,GNAI2,ADORA1
1255,AMEX60DD024186,AMEX60DD001207,GNAI2,ADRA2B
1258,AMEX60DD024186,AMEX60DD042985,GNAI2,S1PR3
1260,AMEX60DD024186,AMEX60DD051903,GNAI2,UNC5B
1261,AMEX60DD024186,AMEX60DD006319,GNAI2,CAV1
1262,AMEX60DD024186,AMEX60DD005483,GNAI2,PTPRU
1265,AMEX60DD024186,AMEX60DD022850,GNAI2,EDNRB
1266,AMEX60DD024186,AMEX60DD056252,GNAI2,CXCR2
1267,AMEX60DD024186,AMEX60DDU001003696,GNAI2,DRD2
1268,AMEX60DD024186,AMEX60DD015830,GNAI2,ADCY7
1269,AMEX60DD024186,AMEX60DD011301,GNAI2,TSHR
1270,AMEX60DD024186,AMEX60DD037538,GNAI2,AGTR2
1272,AMEX60DD033437,AMEX60DD020063,ANGPT2,TIE1
1273,AMEX60DD033437,AMEX60DD044621,ANGPT2,TEK
1274,AMEX60DD041384,AMEX60DD009754,TLN1,ITGB3
1279,AMEX60DD031971,AMEX60DD011301,CALR,TSHR
1289,AMEX60DD052891,AMEX60DD046097,FGF8,FGFRL1
1290,AMEX60DD052891,AMEX60DD002586,FGF8,FGFR1
1291,AMEX60DD052891,AMEX60DD046037,FGF8,FGFR3
1292,AMEX60DD037407,AMEX60DD002586,FGF13,FGFR1
1293,AMEX60DD037407,AMEX60DD021356,FGF13,SCN5A
1295,AMEX60DD037407,AMEX60DD046037,FGF13,FGFR3
1296,AMEX60DD037407,AMEX60DD029649,FGF13,SCN8A
1304,AMEX60DD054275,AMEX60DD003401,MTMR4,SMAD3
1305,AMEX60DD036922,AMEX60DD044563,WNT11,MUSK
1307,AMEX60DD003755,AMEX60DD009754,FBN1,ITGB3
1313,AMEX60DD006146,AMEX60DD054991,BMP8A,BMPR2
1314,AMEX60DD006146,AMEX60DD044043,BMP8A,BMPR1A
1315,AMEX60DD006146,AMEX60DD044042,BMP8A,BMPR1B
1319,AMEX60DD031478,AMEX60DD044283,P4HB,MTTP
1321,AMEX60DD042697,AMEX60DDU001023170,EFNA5,EPHB6
1322,AMEX60DD042697,AMEX60DD033914,EFNA5,EPHA7
1323,AMEX60DD042697,AMEX60DD005849,EFNA5,EPHA10
1325,AMEX60DD042697,AMEX60DD043966,EFNA5,EPHA5
1326,AMEX60DD042697,AMEX60DD002331,EFNA5,EPHB1
1327,AMEX60DD042697,AMEX60DD052063,EFNA5,EPHB2
1329,AMEX60DD042697,AMEX60DD052346,EFNA5,EPHA2
1331,AMEX60DD009962,AMEX60DD011291,NXPH3,NRXN3
1336,AMEX60DD040253,AMEX60DD055073,CTHRC1,FZD5
1339,AMEX60DD009063,AMEX60DD022058,CNTN2,CNTNAP2
1354,AMEX60DD030355,AMEX60DD047487,SLIT3,ROBO2
1355,AMEX60DD030355,AMEX60DD047489,SLIT3,ROBO1
1366,AMEX60DD005046,AMEX60DD002586,FGF3,FGFR1
1367,AMEX60DD005046,AMEX60DD046037,FGF3,FGFR3
1373,AMEX60DD045101,AMEX60DD009754,FGG,ITGB3
1374,AMEX60DD045101,AMEX60DD055359,FGG,ITGB2
1376,AMEX60DD028973,AMEX60DD055954,CXCL14,CXCR4
1383,AMEX60DD043918,AMEX60DD048470,DMP1,PHEX
1384,AMEX60DD043918,AMEX60DD009754,DMP1,ITGB3
1385,AMEX60DD008263,AMEX60DD041771,NTN4,DCC
1386,AMEX60DD006490,AMEX60DD049635,WNT7B,FZD4
1387,AMEX60DD006490,AMEX60DD019156,WNT7B,TMED5
1388,AMEX60DD007022,AMEX60DD033101,PTN,SDC1
1390,AMEX60DD007022,AMEX60DD007412,PTN,PTPRZ1
1392,AMEX60DD007022,AMEX60DD011957,PTN,ALK
1406,AMEX60DD033981,AMEX60DD033101,HMGB1,SDC1
1410,AMEX60DD033981,AMEX60DD055954,HMGB1,CXCR4
1414,AMEX60DD055420,AMEX60DD055551,FN1,ITGA4
1415,AMEX60DD055420,AMEX60DD009754,FN1,ITGB3
1417,AMEX60DD055420,AMEX60DD055675,FN1,ITGA6
1418,AMEX60DD055420,AMEX60DD022164,FN1,ITGA8
1419,AMEX60DD055420,AMEX60DD055776,FN1,DPP4
1422,AMEX60DD055420,AMEX60DD029322,FN1,TMPRSS6
1423,AMEX60DD055420,AMEX60DD051881,FN1,COL13A1
1424,AMEX60DD055420,AMEX60DD011301,FN1,TSHR
1425,AMEX60DD055420,AMEX60DD016175,FN1,MAG
1427,AMEX60DD055544,AMEX60DD009754,COL18A1,ITGB3
1428,AMEX60DD055544,AMEX60DD037492,COL18A1,GPC4
1434,AMEX60DD005869,AMEX60DD004952,RSPO1,LGR4
1435,AMEX60DD005869,AMEX60DD001151,RSPO1,ZNRF3
1436,AMEX60DD005869,AMEX60DD021741,RSPO1,FZD8
1438,AMEX60DD034707,AMEX60DD004952,RSPO3,LGR4
1440,AMEX60DD034707,AMEX60DD021741,RSPO3,FZD8
1443,AMEX60DD025368,AMEX60DD040528,CALM1,KCNQ3
1445,AMEX60DD025368,AMEX60DD022256,CALM1,CALCR
1446,AMEX60DD025368,AMEX60DD008743,CALM1,GRM4
1449,AMEX60DD025368,AMEX60DD056087,CALM1,MYLK
1454,AMEX60DD025368,AMEX60DD035296,CALM1,RYR2
1456,AMEX60DD025368,AMEX60DD037995,CALM1,PDE1C
1457,AMEX60DD025368,AMEX60DD044894,CALM1,TRPC3
1459,AMEX60DD025368,AMEX60DD029838,CALM1,AQP6
1461,AMEX60DD025368,AMEX60DD027192,CALM1,MYLK2
1462,AMEX60DD025368,AMEX60DD009634,CALM1,SCN4A
1464,AMEX60DD033568,AMEX60DD016175,COL9A1,MAG
1473,AMEX60DD038559,AMEX60DD008743,GAD1,GRM4
1477,AMEX60DD036828,AMEX60DD011291,NLGN3,NRXN3
1481,AMEX60DD002799,AMEX60DD002586,FGF17,FGFR1
1486,AMEX60DD022866,AMEX60DD032011,F8,LDLR
1488,AMEX60DD050385,AMEX60DD055675,LAMC3,ITGA6
1495,AMEX60DD055540,AMEX60DD055675,COL6A1,ITGA6
1496,AMEX60DD028699,AMEX60DD055551,TGM2,ITGA4
1498,AMEX60DD028699,AMEX60DD009754,TGM2,ITGB3
1508,AMEX60DD034565,AMEX60DD055551,THBS2,ITGA4
1510,AMEX60DD034565,AMEX60DD009754,THBS2,ITGB3
1512,AMEX60DD034565,AMEX60DD055675,THBS2,ITGA6
1513,AMEX60DD034565,AMEX60DD006223,THBS2,CD36
1516,AMEX60DD036126,AMEX60DD038999,TGFB2,TGFBR1
1524,AMEX60DD018576,AMEX60DD051734,PTGS2,ALOX5
1528,AMEX60DD034258,AMEX60DD015696,CCN2,NTRK1
1529,AMEX60DD034258,AMEX60DD055359,CCN2,ITGB2
1533,AMEX60DD014862,AMEX60DDU001023170,EFNA1,EPHB6
1534,AMEX60DD014862,AMEX60DD033914,EFNA1,EPHA7
1535,AMEX60DD014862,AMEX60DD005849,EFNA1,EPHA10
1536,AMEX60DD014862,AMEX60DD043966,EFNA1,EPHA5
1537,AMEX60DD014862,AMEX60DD002331,EFNA1,EPHB1
1557,AMEX60DD008715,AMEX60DD015696,NGF,NTRK1
1558,AMEX60DD008715,AMEX60DD045940,NGF,SORCS2
1559,AMEX60DD008715,AMEX60DD054758,NGF,TRPV1
1563,AMEX60DD008914,AMEX60DD049635,WNT2B,FZD4
1565,AMEX60DD025587,AMEX60DD052063,L1CAM,EPHB2
1568,AMEX60DD018809,AMEX60DD051010,COL11A1,DDR1
1573,AMEX60DD033480,AMEX60DD054991,BMP5,BMPR2
1574,AMEX60DD033480,AMEX60DD044043,BMP5,BMPR1A
1575,AMEX60DD033480,AMEX60DD044042,BMP5,BMPR1B
1582,AMEX60DD019394,AMEX60DD009754,ANGPTL3,ITGB3
1585,AMEX60DD050451,AMEX60DD055954,CEL,CXCR4
1589,AMEX60DD027684,AMEX60DD024930,MMP9,RECK
1591,AMEX60DD027684,AMEX60DD055359,MMP9,ITGB2
1592,AMEX60DD027684,AMEX60DD052063,MMP9,EPHB2
1593,AMEX60DD038838,AMEX60DD022850,EDN2,EDNRB
1596,AMEX60DD006010,AMEX60DD016175,COL9A2,MAG
1610,AMEX60DD028514,AMEX60DD042956,GDF5,ROR2
1611,AMEX60DD028514,AMEX60DD054991,GDF5,BMPR2
1612,AMEX60DD028514,AMEX60DD044042,GDF5,BMPR1B
1613,AMEX60DD036923,AMEX60DDU001007023,EDA,EDA2R
1614,AMEX60DD052146,AMEX60DD033101,HSPG2,SDC1
1616,AMEX60DD052146,AMEX60DD051881,HSPG2,COL13A1
1617,AMEX60DD052146,AMEX60DD002586,HSPG2,FGFR1
1619,AMEX60DD055164,AMEX60DD051010,COL5A2,DDR1
1621,AMEX60DD048288,AMEX60DD055359,F10,ITGB2
1625,AMEX60DD048160,AMEX60DD002586,FGF14,FGFR1
1638,AMEX60DD035607,AMEX60DD032011,ACTR2,LDLR
1643,AMEX60DD028845,AMEX60DD044042,GDF9,BMPR1B
1646,AMEX60DD051219,AMEX60DD018046,AGRN,ATP1A3
1652,AMEX60DD046200,AMEX60DD032011,AVP,LDLR
1653,AMEX60DD046200,AMEX60DDU001005617,AVP,GPR84
1654,AMEX60DD046200,AMEX60DD011301,AVP,TSHR
1658,AMEX60DD029426,AMEX60DD016175,COL2A1,MAG
1659,AMEX60DD029426,AMEX60DD051010,COL2A1,DDR1
1667,AMEX60DD049338,AMEX60DD002586,FGF9,FGFR1
1668,AMEX60DD038767,AMEX60DD025567,SEMA5A,PLXNB3
1670,AMEX60DD039130,AMEX60DD055675,LAMA1,ITGA6
1671,AMEX60DD039130,AMEX60DD029894,LAMA1,ITGA7
1676,AMEX60DD008951,AMEX60DD055675,LAMB3,ITGA6
1677,AMEX60DD034661,AMEX60DDU001023170,AFDN,EPHB6
1678,AMEX60DD034661,AMEX60DD011291,AFDN,NRXN3
1679,AMEX60DD034661,AMEX60DD006060,AFDN,NECTIN3
1697,AMEX60DD052412,AMEX60DD055954,CXCL12,CXCR4
1698,AMEX60DD027336,AMEX60DD044042,BMP7,BMPR1B
1699,AMEX60DD031839,AMEX60DD009754,COL4A3,ITGB3
1700,AMEX60DD032708,AMEX60DD009754,COL4A4,ITGB3
1702,AMEX60DD023598,AMEX60DD023815,CNTN4,PTPRG
1703,AMEX60DD000670,AMEX60DD017554,TCTN1,TMEM67
1715,AMEX60DD024053,AMEX60DD009754,FBLN2,ITGB3
1716,AMEX60DD009927,AMEX60DD045202,NPY,NPY5R
1718,AMEX60DD022514,AMEX60DD011291,NXPH1,NRXN3
1722,AMEX60DD002298,AMEX60DD032011,TF,LDLR
1723,AMEX60DD002298,AMEX60DD012818,TF,TFR2
1725,AMEX60DD020026,AMEX60DD002821,ARTN,GFRA2
1731,AMEX60DD037665,AMEX60DD007263,APLN,APLNR
1732,AMEX60DD048578,AMEX60DD011291,NLGN1,NRXN3
1742,AMEX60DD019011,AMEX60DD009754,CCN1,ITGB3
1745,AMEX60DD034687,AMEX60DD029894,LAMA2,ITGA7
1748,AMEX60DD004386,AMEX60DD001963,HRAS,AGTR1
1749,AMEX60DD041932,AMEX60DD002821,GDNF,GFRA2
1751,AMEX60DD014882,AMEX60DD043966,EFNA4,EPHA5
1754,AMEX60DD004926,AMEX60DD011301,FSHB,TSHR
1755,AMEX60DD004926,AMEX60DDU001005617,FSHB,GPR84
1759,AMEX60DD053480,AMEX60DD032011,HSPA8,LDLR
1770,AMEX60DD054671,AMEX60DD006327,S100A10,CFTR
1771,AMEX60DD005059,AMEX60DD006327,SHANK2,CFTR
1774,AMEX60DD039516,AMEX60DD009947,LAMA3,ITGA3
1775,AMEX60DD035117,AMEX60DD009947,LAMA4,ITGA3
1776,AMEX60DD034687,AMEX60DD009947,LAMA2,ITGA3
1777,AMEX60DD039130,AMEX60DD009947,LAMA1,ITGA3
1780,AMEX60DD050385,AMEX60DD009947,LAMC3,ITGA3
1781,AMEX60DD012285,AMEX60DD009947,THBS1,ITGA3
1782,AMEX60DD031971,AMEX60DD009947,CALR,ITGA3
1783,AMEX60DD031420,AMEX60DD009947,TIMP2,ITGA3
1786,AMEX60DD031839,AMEX60DD009947,COL4A3,ITGA3
1787,AMEX60DD026932,AMEX60DD009947,LAMA5,ITGA3
1788,AMEX60DD002596,AMEX60DD009947,ADAM9,ITGA3
1789,AMEX60DD018598,AMEX60DD009947,LAMC1,ITGA3
1790,AMEX60DD008951,AMEX60DD009947,LAMB3,ITGA3
1791,AMEX60DD055544,AMEX60DD009947,COL18A1,ITGA3
1792,AMEX60DD054883,AMEX60DD009947,VTN,ITGA3
1793,AMEX60DD007482,AMEX60DD009947,LAMB1,ITGA3
1794,AMEX60DD018597,AMEX60DD009947,LAMC2,ITGA3
1795,AMEX60DD055420,AMEX60DD009947,FN1,ITGA3
1804,AMEX60DD014035,AMEX60DD056037,CPAMD8,SCTR
1805,AMEX60DD039450,AMEX60DD056037,ADCYAP1,SCTR
1808,AMEX60DD025368,AMEX60DD056037,CALM1,SCTR
1816,AMEX60DD054284,AMEX60DD004313,CALM2,KCNQ1
1817,AMEX60DD051374,AMEX60DD004313,CALML3,KCNQ1
1818,AMEX60DD025368,AMEX60DD004313,CALM1,KCNQ1
1819,AMEX60DD035913,AMEX60DD004313,CALM3,KCNQ1
1826,AMEX60DD014862,AMEX60DD052078,EFNA1,EPHA8
1827,AMEX60DD013511,AMEX60DD052078,EFNA2,EPHA8
1828,AMEX60DD042697,AMEX60DD052078,EFNA5,EPHA8
1829,AMEX60DD014882,AMEX60DD052078,EFNA4,EPHA8
1835,AMEX60DD047408,AMEX60DD009964,APP,NGFR
1837,AMEX60DD008715,AMEX60DD009964,NGF,NGFR
1838,AMEX60DD007681,AMEX60DD009964,NTS,NGFR
1843,AMEX60DD039516,AMEX60DD030862,LAMA3,ITGB4
1844,AMEX60DD034687,AMEX60DD030862,LAMA2,ITGB4
1845,AMEX60DD050385,AMEX60DD030862,LAMC3,ITGB4
1847,AMEX60DD026932,AMEX60DD030862,LAMA5,ITGB4
1848,AMEX60DD018598,AMEX60DD030862,LAMC1,ITGB4
1849,AMEX60DD039130,AMEX60DD030862,LAMA1,ITGB4
1850,AMEX60DD008951,AMEX60DD030862,LAMB3,ITGB4
1851,AMEX60DD007482,AMEX60DD030862,LAMB1,ITGB4
1852,AMEX60DD018597,AMEX60DD030862,LAMC2,ITGB4
1853,AMEX60DD024471,AMEX60DD019130,TGFB1,TGFBR3
1855,AMEX60DD011161,AMEX60DD019130,TGFB3,TGFBR3
1857,AMEX60DD036126,AMEX60DD019130,TGFB2,TGFBR3
1858,AMEX60DD038105,AMEX60DD019130,INHBA,TGFBR3
1866,AMEX60DD007410,AMEX60DD048229,FAM3C,GLRA2
1867,AMEX60DD003392,AMEX60DD025655,IL16,KCND1
1872,AMEX60DD033593,AMEX60DD016391,RIMS1,SLC17A7
1880,AMEX60DD039130,AMEX60DD022278,LAMA1,ITGB8
1881,AMEX60DD054883,AMEX60DD022278,VTN,ITGB8
1882,AMEX60DD047873,AMEX60DD022278,COL4A1,ITGB8
1883,AMEX60DD055420,AMEX60DD022278,FN1,ITGB8
1886,AMEX60DD034920,AMEX60DD043439,PLG,PLGRKT
1887,AMEX60DD052070,AMEX60DD054061,C1QB,C1QBP
1897,AMEX60DD006490,AMEX60DD000016,WNT7B,FZD10
1898,AMEX60DD023665,AMEX60DD000016,WNT7A,FZD10
1907,AMEX60DD054284,AMEX60DD018420,CALM2,SELL
1908,AMEX60DD023392,AMEX60DD018420,PODXL2,SELL
1909,AMEX60DD004178,AMEX60DD018420,VCAN,SELL
1912,AMEX60DD025368,AMEX60DD018420,CALM1,SELL
1913,AMEX60DD008079,AMEX60DD018420,PODXL,SELL
1914,AMEX60DD035913,AMEX60DD018420,CALM3,SELL
1916,AMEX60DD009927,AMEX60DD053254,NPY,PRLHR
1928,AMEX60DD028845,AMEX60DD055885,GDF9,ACVR2A
1929,AMEX60DD027336,AMEX60DD055885,BMP7,ACVR2A
1933,AMEX60DD001415,AMEX60DD055885,BMP10,ACVR2A
1937,AMEX60DD038105,AMEX60DD055885,INHBA,ACVR2A
1939,AMEX60DD056132,AMEX60DD055885,INHBB,ACVR2A
1943,AMEX60DD043026,AMEX60DD055885,TDGF1,ACVR2A
1945,AMEX60DD038339,AMEX60DD055885,BMP6,ACVR2A
1946,AMEX60DD029944,AMEX60DD055885,GDF11,ACVR2A
1947,AMEX60DD028514,AMEX60DD055885,GDF5,ACVR2A
1949,AMEX60DD039450,AMEX60DDU001003501,ADCYAP1,RAMP3
1953,AMEX60DD033801,AMEX60DDU001003501,CGA,RAMP3
1955,AMEX60DD008679,AMEX60DDU001003501,TSHB,RAMP3
1957,AMEX60DD046200,AMEX60DDU001003501,AVP,RAMP3
1963,AMEX60DD004926,AMEX60DDU001003501,FSHB,RAMP3
1972,AMEX60DD054284,AMEX60DD029458,CALM2,PDE1B
1973,AMEX60DD025368,AMEX60DD029458,CALM1,PDE1B
1974,AMEX60DD035913,AMEX60DD029458,CALM3,PDE1B
1976,AMEX60DD051219,AMEX60DD029732,AGRN,LRP1
1977,AMEX60DD037487,AMEX60DD029732,GPC3,LRP1
1979,AMEX60DD026682,AMEX60DD029732,A2M,LRP1
1981,AMEX60DD011202,AMEX60DD029732,SERPINA1,LRP1
1982,AMEX60DD002185,AMEX60DD029732,SERPINE2,LRP1
1983,AMEX60DD052146,AMEX60DD029732,HSPG2,LRP1
1984,AMEX60DD049488,AMEX60DD029732,MMP13,LRP1
1986,AMEX60DD019519,AMEX60DD029732,PCSK9,LRP1
1987,AMEX60DD027684,AMEX60DD029732,MMP9,LRP1
1988,AMEX60DD008374,AMEX60DD029732,HSP90B1,LRP1
1992,AMEX60DD032076,AMEX60DD029732,C3,LRP1
1993,AMEX60DD050860,AMEX60DD029732,FCN2,LRP1
1994,AMEX60DD012285,AMEX60DD029732,THBS1,LRP1
1997,AMEX60DD031971,AMEX60DD029732,CALR,LRP1
1998,AMEX60DD052070,AMEX60DD029732,C1QB,LRP1
2000,AMEX60DD006619,AMEX60DD029732,VWF,LRP1
2001,AMEX60DD022866,AMEX60DD029732,F8,LRP1
2002,AMEX60DD034258,AMEX60DD029732,CCN2,LRP1
2004,AMEX60DD047408,AMEX60DD029732,APP,LRP1
2006,AMEX60DD004095,AMEX60DD029732,LIPC,LRP1
2009,AMEX60DD020503,AMEX60DD029732,WNT3A,LRP1
2011,AMEX60DD056132,AMEX60DD055813,INHBB,ACVR1C
2012,AMEX60DD043026,AMEX60DD055813,TDGF1,ACVR1C
2041,AMEX60DD007387,AMEX60DD050929,GSTP1,TRAF2
2046,AMEX60DDU001002333,AMEX60DD007988,NTNG2,LRRC4
2047,AMEX60DD052091,AMEX60DD008017,WNT4,SMO
2049,AMEX60DD021621,AMEX60DD008017,SHH,SMO
2094,AMEX60DD015281,AMEX60DD012802,CLEC3A,CLEC10A
2095,AMEX60DD003175,AMEX60DD035691,SST,SSTR4
2101,AMEX60DD019519,AMEX60DD009197,PCSK9,SORT1
2102,AMEX60DD008715,AMEX60DD009197,NGF,SORT1
2122,AMEX60DD045141,AMEX60DD045542,PDGFC,PDGFRA
2124,AMEX60DD049470,AMEX60DD045542,PDGFD,PDGFRA
2125,AMEX60DD020701,AMEX60DD045542,PDGFA,PDGFRA
2128,AMEX60DD039130,AMEX60DD033778,LAMA1,NT5E
2129,AMEX60DD055420,AMEX60DD033778,FN1,NT5E
2132,AMEX60DD036923,AMEX60DD047992,EDA,EDAR
2149,AMEX60DD035110,AMEX60DD053787,CCN6,SORL1
2152,AMEX60DD047408,AMEX60DD053787,APP,SORL1
2153,AMEX60DD025587,AMEX60DD055305,L1CAM,ITGAV
2154,AMEX60DD050822,AMEX60DD055305,TNC,ITGAV
2156,AMEX60DD042504,AMEX60DD055305,EDIL3,ITGAV
2158,AMEX60DD037141,AMEX60DD055305,COL4A5,ITGAV
2163,AMEX60DD032708,AMEX60DD055305,COL4A4,ITGAV
2164,AMEX60DD031971,AMEX60DD055305,CALR,ITGAV
2165,AMEX60DD019011,AMEX60DD055305,CCN1,ITGAV
2166,AMEX60DD045101,AMEX60DD055305,FGG,ITGAV
2168,AMEX60DD031839,AMEX60DD055305,COL4A3,ITGAV
2169,AMEX60DD004173,AMEX60DD055305,MFGE8,ITGAV
2170,AMEX60DD045096,AMEX60DD055305,FGB,ITGAV
2171,AMEX60DD003755,AMEX60DD055305,FBN1,ITGAV
2173,AMEX60DD002596,AMEX60DD055305,ADAM9,ITGAV
2174,AMEX60DD036418,AMEX60DD055305,VEGFA,ITGAV
2176,AMEX60DD022398,AMEX60DD055305,COL1A2,ITGAV
2177,AMEX60DD019394,AMEX60DD055305,ANGPTL3,ITGAV
2178,AMEX60DD047873,AMEX60DD055305,COL4A1,ITGAV
2179,AMEX60DD055420,AMEX60DD055305,FN1,ITGAV
2180,AMEX60DD001946,AMEX60DD055178,CP,SLC40A1
2183,AMEX60DD022450,AMEX60DD006973,SOSTDC1,LRP6
2184,AMEX60DD010139,AMEX60DD006973,IGFBP4,LRP6
2185,AMEX60DD005869,AMEX60DD006973,RSPO1,LRP6
2187,AMEX60DD029980,AMEX60DD006973,WNT1,LRP6
2188,AMEX60DD034707,AMEX60DD006973,RSPO3,LRP6
2190,AMEX60DD009761,AMEX60DD006973,WNT9B,LRP6
2191,AMEX60DD034258,AMEX60DD006973,CCN2,LRP6
2192,AMEX60DD009984,AMEX60DD006973,SOST,LRP6
2193,AMEX60DD047408,AMEX60DD006973,APP,LRP6
2195,AMEX60DD023726,AMEX60DD006973,WNT5A,LRP6
2196,AMEX60DD052549,AMEX60DD006973,DKK1,LRP6
2197,AMEX60DD023665,AMEX60DD006973,WNT7A,LRP6
2198,AMEX60DD044644,AMEX60DD006973,DKK2,LRP6
2199,AMEX60DD020503,AMEX60DD006973,WNT3A,LRP6
2205,AMEX60DD045141,AMEX60DD030144,PDGFC,PDGFRB
2207,AMEX60DD049470,AMEX60DD030144,PDGFD,PDGFRB
2208,AMEX60DD004173,AMEX60DD030144,MFGE8,PDGFRB
2209,AMEX60DD020701,AMEX60DD030144,PDGFA,PDGFRB
2210,AMEX60DD045141,AMEX60DD030160,PDGFC,FLT4
2211,AMEX60DD045327,AMEX60DD030160,VEGFC,FLT4
2213,AMEX60DD048295,AMEX60DD030160,VEGFD,FLT4
2214,AMEX60DD022398,AMEX60DD030160,COL1A2,FLT4
2215,AMEX60DD055420,AMEX60DD030160,FN1,FLT4
2216,AMEX60DD039450,AMEX60DD021663,ADCYAP1,VIPR2
2239,AMEX60DD020494,AMEX60DD012651,ARF1,PLD2
2240,AMEX60DD044302,AMEX60DD012651,EGF,PLD2
2247,AMEX60DD034517,AMEX60DD031636,DLL1,NOTCH3
2248,AMEX60DD034535,AMEX60DD031636,PSEN1,NOTCH3
2249,AMEX60DD034565,AMEX60DD031636,THBS2,NOTCH3
2251,AMEX60DD011035,AMEX60DD031636,JAG2,NOTCH3
2255,AMEX60DD047408,AMEX60DD053574,APP,APLP2
2257,AMEX60DD019519,AMEX60DD053574,PCSK9,APLP2
2266,AMEX60DD037487,AMEX60DD004546,GPC3,CD81
2272,AMEX60DD048261,AMEX60DD025098,GAS6,TYRO3
2273,AMEX60DD048309,AMEX60DD025098,PROS1,TYRO3
2274,AMEX60DD036418,AMEX60DD025098,VEGFA,TYRO3
2302,AMEX60DD045141,AMEX60DD045536,PDGFC,KDR
2303,AMEX60DD045327,AMEX60DD045536,VEGFC,KDR
2305,AMEX60DD048295,AMEX60DD045536,VEGFD,KDR
2306,AMEX60DD007066,AMEX60DD045536,TIMP3,KDR
2307,AMEX60DD014782,AMEX60DD045536,SEMA6D,KDR
2309,AMEX60DD055544,AMEX60DD045536,COL18A1,KDR
2310,AMEX60DD036418,AMEX60DD045536,VEGFA,KDR
2312,AMEX60DD034661,AMEX60DD053824,AFDN,NECTIN1
2314,AMEX60DD039130,AMEX60DD002665,LAMA1,GPC1
2315,AMEX60DD043026,AMEX60DD002665,TDGF1,GPC1
2318,AMEX60DD043761,AMEX60DD002665,NRG1,GPC1
2319,AMEX60DD047408,AMEX60DD002665,APP,GPC1
2320,AMEX60DD018201,AMEX60DD002665,SERPINC1,GPC1
2321,AMEX60DD055544,AMEX60DD002665,COL18A1,GPC1
2322,AMEX60DD045792,AMEX60DD002665,SLIT2,GPC1
2323,AMEX60DD021621,AMEX60DD002665,SHH,GPC1
2324,AMEX60DD036418,AMEX60DD002665,VEGFA,GPC1
2330,AMEX60DD050822,AMEX60DD037986,TNC,ITGA9
2331,AMEX60DD045327,AMEX60DD037986,VEGFC,ITGA9
2333,AMEX60DD034920,AMEX60DD037986,PLG,ITGA9
2335,AMEX60DD038300,AMEX60DD037986,F13A1,ITGA9
2336,AMEX60DD048295,AMEX60DD037986,VEGFD,ITGA9
2337,AMEX60DD052756,AMEX60DD037986,ADAM12,ITGA9
2339,AMEX60DD028699,AMEX60DD037986,TGM2,ITGA9
2340,AMEX60DD036418,AMEX60DD037986,VEGFA,ITGA9
2343,AMEX60DD055420,AMEX60DD037986,FN1,ITGA9
2346,AMEX60DD003207,AMEX60DD041858,OSTN,NPR3
2360,AMEX60DD022514,AMEX60DD025260,NXPH1,NRXN2
2361,AMEX60DD012742,AMEX60DD025260,NLGN2,NRXN2
2362,AMEX60DD009962,AMEX60DD025260,NXPH3,NRXN2
2363,AMEX60DD034661,AMEX60DD025260,AFDN,NRXN2
2364,AMEX60DD048578,AMEX60DD025260,NLGN1,NRXN2
2365,AMEX60DD036828,AMEX60DD025260,NLGN3,NRXN2
2368,AMEX60DD039745,AMEX60DD039706,PENK,OPRK1
2380,AMEX60DD052019,AMEX60DD029929,NRG3,ERBB3
2381,AMEX60DD043761,AMEX60DD029929,NRG1,ERBB3
2383,AMEX60DD025587,AMEX60DD029929,L1CAM,ERBB3
2384,AMEX60DD001392,AMEX60DD029929,TGFA,ERBB3
2386,AMEX60DD044182,AMEX60DD029929,BTC,ERBB3
2388,AMEX60DD003175,AMEX60DD035680,SST,SSTR1
2399,AMEX60DD052019,AMEX60DD010312,NRG3,ERBB2
2401,AMEX60DD043761,AMEX60DD010312,NRG1,ERBB2
2404,AMEX60DD008374,AMEX60DD010312,HSP90B1,ERBB2
2405,AMEX60DD025587,AMEX60DD010312,L1CAM,ERBB2
2406,AMEX60DD001392,AMEX60DD010312,TGFA,ERBB2
2409,AMEX60DD044182,AMEX60DD010312,BTC,ERBB2
2437,AMEX60DD025368,AMEX60DD055153,CALM1,PTH2R
2438,AMEX60DD052412,AMEX60DD055467,CXCL12,ACKR3
2444,AMEX60DD016845,AMEX60DD022047,BCAN,EGFR
2447,AMEX60DD043761,AMEX60DD022047,NRG1,EGFR
2451,AMEX60DD043190,AMEX60DD022047,ANXA1,EGFR
2452,AMEX60DD025587,AMEX60DD022047,L1CAM,EGFR
2454,AMEX60DD045456,AMEX60DD022047,FGL1,EGFR
2455,AMEX60DD001392,AMEX60DD022047,TGFA,EGFR
2456,AMEX60DD023759,AMEX60DD022047,ARF4,EGFR
2457,AMEX60DD024186,AMEX60DD022047,GNAI2,EGFR
2459,AMEX60DD037407,AMEX60DD022047,FGF13,EGFR
2460,AMEX60DD007387,AMEX60DD022047,GSTP1,EGFR
2464,AMEX60DD044182,AMEX60DD022047,BTC,EGFR
2465,AMEX60DD034258,AMEX60DD022047,CCN2,EGFR
2466,AMEX60DD008871,AMEX60DD022047,LRIG2,EGFR
2468,AMEX60DD036418,AMEX60DD022047,VEGFA,EGFR
2469,AMEX60DD025368,AMEX60DD022047,CALM1,EGFR
2471,AMEX60DD035913,AMEX60DD022047,CALM3,EGFR
2473,AMEX60DD014862,AMEX60DD026309,EFNA1,EPHA1
2474,AMEX60DD042697,AMEX60DD026309,EFNA5,EPHA1
2475,AMEX60DD014882,AMEX60DD026309,EFNA4,EPHA1
2477,AMEX60DD025368,AMEX60DD037553,CALM1,HTR2C
2494,AMEX60DDU001002333,AMEX60DD005162,NTNG2,LRRC4C
2495,AMEX60DD019201,AMEX60DD005162,NTNG1,LRRC4C
2499,AMEX60DD024186,AMEX60DD053102,GNAI2,ADRA2A
2501,AMEX60DD052412,AMEX60DD053102,CXCL12,ADRA2A
2505,AMEX60DDU001037181,AMEX60DD053102,NMS,ADRA2A
2506,AMEX60DD037665,AMEX60DD053102,APLN,ADRA2A
2507,AMEX60DD003175,AMEX60DD053102,SST,ADRA2A
2509,AMEX60DD009927,AMEX60DD053102,NPY,ADRA2A
2519,AMEX60DD044138,AMEX60DD053102,PPBP,ADRA2A
2524,AMEX60DD047408,AMEX60DD053102,APP,ADRA2A
2532,AMEX60DD039745,AMEX60DD053102,PENK,ADRA2A
2537,AMEX60DD043190,AMEX60DD053102,ANXA1,ADRA2A
2540,AMEX60DD014862,AMEX60DD002422,EFNA1,EPHA4
2541,AMEX60DD042697,AMEX60DD002422,EFNA5,EPHA4
2542,AMEX60DD014882,AMEX60DD002422,EFNA4,EPHA4
2543,AMEX60DD045141,AMEX60DD049282,PDGFC,FLT1
2544,AMEX60DD045327,AMEX60DD049282,VEGFC,FLT1
2545,AMEX60DD034920,AMEX60DD049282,PLG,FLT1
2546,AMEX60DD025282,AMEX60DD049282,PGF,FLT1
2547,AMEX60DD048295,AMEX60DD049282,VEGFD,FLT1
2549,AMEX60DD036418,AMEX60DD049282,VEGFA,FLT1
2552,AMEX60DD037141,AMEX60DD042067,COL4A5,ITGA1
2553,AMEX60DD034687,AMEX60DD042067,LAMA2,ITGA1
2554,AMEX60DD039130,AMEX60DD042067,LAMA1,ITGA1
2555,AMEX60DD055540,AMEX60DD042067,COL6A1,ITGA1
2556,AMEX60DD032708,AMEX60DD042067,COL4A4,ITGA1
2557,AMEX60DD050718,AMEX60DD042067,COL5A1,ITGA1
2558,AMEX60DD055538,AMEX60DD042067,COL6A2,ITGA1
2559,AMEX60DD031839,AMEX60DD042067,COL4A3,ITGA1
2560,AMEX60DD029426,AMEX60DD042067,COL2A1,ITGA1
2561,AMEX60DD048295,AMEX60DD042067,VEGFD,ITGA1
2563,AMEX60DD055164,AMEX60DD042067,COL5A2,ITGA1
2564,AMEX60DD022398,AMEX60DD042067,COL1A2,ITGA1
2565,AMEX60DD005459,AMEX60DD042067,MATN1,ITGA1
2566,AMEX60DD047873,AMEX60DD042067,COL4A1,ITGA1
2573,AMEX60DD036922,AMEX60DD054983,WNT11,FZD7
2574,AMEX60DD029980,AMEX60DD054983,WNT1,FZD7
2579,AMEX60DD024186,AMEX60DD040513,GNAI2,ADCY8
2580,AMEX60DD025368,AMEX60DD040513,CALM1,ADCY8
2581,AMEX60DD035913,AMEX60DD040513,CALM3,ADCY8
2582,AMEX60DD052091,AMEX60DD022211,WNT4,FZD1
2583,AMEX60DD006490,AMEX60DD022211,WNT7B,FZD1
2584,AMEX60DD029980,AMEX60DD022211,WNT1,FZD1
2610,AMEX60DD024186,AMEX60DD037922,GNAI2,CCR5
2618,AMEX60DD054221,AMEX60DD037922,CCL3L3,CCR5
2619,AMEX60DD003392,AMEX60DD037922,IL16,CCR5
2620,AMEX60DD054218,AMEX60DD037922,CCL4,CCR5
2625,AMEX60DD005046,AMEX60DD027855,FGF3,FGFR4
2627,AMEX60DD048160,AMEX60DD027855,FGF14,FGFR4
2628,AMEX60DD048162,AMEX60DD027855,FGF11,FGFR4
2630,AMEX60DD002799,AMEX60DD027855,FGF17,FGFR4
2631,AMEX60DD037078,AMEX60DD027855,FGF16,FGFR4
2632,AMEX60DD037407,AMEX60DD027855,FGF13,FGFR4
2633,AMEX60DD003212,AMEX60DD027855,FGF12,FGFR4
2634,AMEX60DD049338,AMEX60DD027855,FGF9,FGFR4
2635,AMEX60DD052891,AMEX60DD027855,FGF8,FGFR4
2637,AMEX60DD025587,AMEX60DDU001005665,L1CAM,ITGA5
2640,AMEX60DD019011,AMEX60DDU001005665,CCN1,ITGA5
2641,AMEX60DD045101,AMEX60DDU001005665,FGG,ITGA5
2643,AMEX60DD048295,AMEX60DDU001005665,VEGFD,ITGA5
2644,AMEX60DD034258,AMEX60DDU001005665,CCN2,ITGA5
2645,AMEX60DD045096,AMEX60DDU001005665,FGB,ITGA5
2646,AMEX60DD003755,AMEX60DDU001005665,FBN1,ITGA5
2647,AMEX60DD040289,AMEX60DDU001005665,ANGPT1,ITGA5
2648,AMEX60DD055544,AMEX60DDU001005665,COL18A1,ITGA5
2650,AMEX60DD033279,AMEX60DDU001005665,ADAM17,ITGA5
2651,AMEX60DD019394,AMEX60DDU001005665,ANGPTL3,ITGA5
2652,AMEX60DD055420,AMEX60DDU001005665,FN1,ITGA5
2655,AMEX60DD024186,AMEX60DD020291,GNAI2,ADCY9
2656,AMEX60DD029006,AMEX60DD004352,WNT8A,LRP5
2657,AMEX60DD009984,AMEX60DD004352,SOST,LRP5
2658,AMEX60DD006490,AMEX60DD004352,WNT7B,LRP5
2659,AMEX60DD051636,AMEX60DD004352,WNT8B,LRP5
2660,AMEX60DD052549,AMEX60DD004352,DKK1,LRP5
2661,AMEX60DD034535,AMEX60DD016907,PSEN1,NCSTN
2663,AMEX60DD024186,AMEX60DD035890,GNAI2,LHCGR
2665,AMEX60DD033801,AMEX60DD035890,CGA,LHCGR
2667,AMEX60DD048261,AMEX60DD035090,GAS6,MERTK
2668,AMEX60DD048309,AMEX60DD035090,PROS1,MERTK
2693,AMEX60DD042504,AMEX60DD056076,EDIL3,ITGB5
2696,AMEX60DD041384,AMEX60DD056076,TLN1,ITGB5
2698,AMEX60DD019011,AMEX60DD056076,CCN1,ITGB5
2699,AMEX60DD002596,AMEX60DD056076,ADAM9,ITGB5
2700,AMEX60DD055544,AMEX60DD056076,COL18A1,ITGB5
2702,AMEX60DD025240,AMEX60DD056076,LTBP3,ITGB5
2703,AMEX60DD035209,AMEX60DD056076,LTBP1,ITGB5
2705,AMEX60DD021621,AMEX60DD044974,SHH,HHIP
2707,AMEX60DD037141,AMEX60DD042070,COL4A5,ITGA2
2708,AMEX60DD034687,AMEX60DD042070,LAMA2,ITGA2
2709,AMEX60DD039130,AMEX60DD042070,LAMA1,ITGA2
2710,AMEX60DD050385,AMEX60DD042070,LAMC3,ITGA2
2711,AMEX60DD055540,AMEX60DD042070,COL6A1,ITGA2
2712,AMEX60DD032708,AMEX60DD042070,COL4A4,ITGA2
2713,AMEX60DD018809,AMEX60DD042070,COL11A1,ITGA2
2714,AMEX60DD055538,AMEX60DD042070,COL6A2,ITGA2
2715,AMEX60DD031839,AMEX60DD042070,COL4A3,ITGA2
2716,AMEX60DD029426,AMEX60DD042070,COL2A1,ITGA2
2717,AMEX60DD048295,AMEX60DD042070,VEGFD,ITGA2
2718,AMEX60DD049490,AMEX60DD042070,MMP1,ITGA2
2719,AMEX60DD052146,AMEX60DD042070,HSPG2,ITGA2
2720,AMEX60DD008951,AMEX60DD042070,LAMB3,ITGA2
2722,AMEX60DD022398,AMEX60DD042070,COL1A2,ITGA2
2723,AMEX60DD047873,AMEX60DD042070,COL4A1,ITGA2
2724,AMEX60DD055420,AMEX60DD042070,FN1,ITGA2
2726,AMEX60DD055165,AMEX60DD042070,COL3A1,ITGA2
2727,AMEX60DD005285,AMEX60DD042354,F2,F2RL2
2728,AMEX60DD034920,AMEX60DD042348,PLG,F2RL1
2729,AMEX60DD005285,AMEX60DD042348,F2,F2RL1
2730,AMEX60DD004706,AMEX60DD042628,NUCB2,ERAP1
2734,AMEX60DD024186,AMEX60DD038156,GNAI2,ADCY1
2737,AMEX60DD055420,AMEX60DD040387,FN1,TNFRSF11B
2742,AMEX60DD052412,AMEX60DD007737,CXCL12,AVPR1A
2743,AMEX60DD046200,AMEX60DD007737,AVP,AVPR1A
2745,AMEX60DD044847,AMEX60DD050088,FAT4,DCHS1
2755,AMEX60DD048261,AMEX60DD024484,GAS6,AXL
2756,AMEX60DD048309,AMEX60DD024484,PROS1,AXL
2759,AMEX60DD024186,AMEX60DD049589,GNAI2,MTNR1A
2761,AMEX60DD052412,AMEX60DD049589,CXCL12,MTNR1A
2764,AMEX60DDU001037181,AMEX60DD049589,NMS,MTNR1A
2765,AMEX60DD037665,AMEX60DD049589,APLN,MTNR1A
2766,AMEX60DD009927,AMEX60DD049589,NPY,MTNR1A
2770,AMEX60DD031971,AMEX60DD049589,CALR,MTNR1A
2784,AMEX60DD039745,AMEX60DD049589,PENK,MTNR1A
2788,AMEX60DD043190,AMEX60DD049589,ANXA1,MTNR1A
2809,AMEX60DD052549,AMEX60DD028021,DKK1,KREMEN2
2814,AMEX60DD046200,AMEX60DD027709,AVP,ADRB2
2816,AMEX60DD002298,AMEX60DD027709,TF,ADRB2
2819,AMEX60DD053480,AMEX60DD027709,HSPA8,ADRB2
2820,AMEX60DD039450,AMEX60DD027709,ADCYAP1,ADRB2
2823,AMEX60DD033801,AMEX60DD027709,CGA,ADRB2
2828,AMEX60DD004926,AMEX60DD027709,FSHB,ADRB2
2830,AMEX60DD035607,AMEX60DD027709,ACTR2,ADRB2
2834,AMEX60DD024186,AMEX60DD018824,GNAI2,S1PR1
2837,AMEX60DDU001037181,AMEX60DD003039,NMS,NMUR1
2840,AMEX60DD025368,AMEX60DD049625,CALM1,GRM5
2844,AMEX60DD039516,AMEX60DD040162,LAMA3,SDC2
2845,AMEX60DD039130,AMEX60DD040162,LAMA1,SDC2
2847,AMEX60DD004386,AMEX60DD040162,HRAS,SDC2
2848,AMEX60DD018201,AMEX60DD040162,SERPINC1,SDC2
2849,AMEX60DD055420,AMEX60DD040162,FN1,SDC2
2850,AMEX60DD024186,AMEX60DD001912,GNAI2,P2RY12
2854,AMEX60DD009927,AMEX60DD044169,NPY,NPFFR2
2862,AMEX60DD025368,AMEX60DD021318,CALM1,AQP1
2870,AMEX60DD038838,AMEX60DD045012,EDN2,EDNRA
2895,AMEX60DD046200,AMEX60DD020537,AVP,PTH1R
2899,AMEX60DD039450,AMEX60DD020537,ADCYAP1,PTH1R
2902,AMEX60DD033801,AMEX60DD020537,CGA,PTH1R
2907,AMEX60DD004926,AMEX60DD020537,FSHB,PTH1R
2912,AMEX60DD003208,AMEX60DD030734,UTS2B,UTS2R
2913,AMEX60DDU001008287,AMEX60DD001568,PDX1,SLC2A2
2914,AMEX60DD046200,AMEX60DD023546,AVP,OXTR
2922,AMEX60DD046200,AMEX60DD021330,AVP,VIPR1
2926,AMEX60DD039450,AMEX60DD021330,ADCYAP1,VIPR1
2929,AMEX60DD033801,AMEX60DD021330,CGA,VIPR1
2935,AMEX60DD004926,AMEX60DD021330,FSHB,VIPR1
2936,AMEX60DD003045,AMEX60DD021330,PTMA,VIPR1
2937,AMEX60DD025368,AMEX60DD021330,CALM1,VIPR1
2958,AMEX60DD052549,AMEX60DD001149,DKK1,KREMEN1
2962,AMEX60DD034661,AMEX60DD001552,AFDN,EPHB3
2966,AMEX60DD009927,AMEX60DD030157,NPY,NPY2R
2969,AMEX60DD052412,AMEX60DD037920,CXCL12,CCR4
2972,AMEX60DD008263,AMEX60DD027843,NTN4,UNC5A
2982,AMEX60DD007022,AMEX60DD006522,PTN,PTPRB
2997,AMEX60DD019011,AMEX60DD006319,CCN1,CAV1
2998,AMEX60DD018576,AMEX60DD006319,PTGS2,CAV1
2999,AMEX60DD004386,AMEX60DD006319,HRAS,CAV1
3007,AMEX60DD048160,AMEX60DD046037,FGF14,FGFR3
3009,AMEX60DD002799,AMEX60DD046037,FGF17,FGFR3
3010,AMEX60DD037078,AMEX60DD046037,FGF16,FGFR3
3011,AMEX60DD003212,AMEX60DD046037,FGF12,FGFR3
3012,AMEX60DD049338,AMEX60DD046037,FGF9,FGFR3
3018,AMEX60DD043761,AMEX60DD031740,NRG1,ADGRL1
3020,AMEX60DD008053,AMEX60DD021298,UCN3,CRHR2
3024,AMEX60DD003468,AMEX60DD003881,RGMA,NEO1
3033,AMEX60DD052019,AMEX60DD055396,NRG3,ERBB4
3034,AMEX60DD043761,AMEX60DD055396,NRG1,ERBB4
3037,AMEX60DD044182,AMEX60DD055396,BTC,ERBB4
3038,AMEX60DD034258,AMEX60DD055396,CCN2,ERBB4
3076,AMEX60DD025368,AMEX60DD033597,CALM1,KCNQ5
3078,AMEX60DD034687,AMEX60DD030446,LAMA2,RPSA
3079,AMEX60DD039130,AMEX60DD030446,LAMA1,RPSA
3085,AMEX60DDU001003602,AMEX60DD053205,NCAM1,GFRA1
3086,AMEX60DD041932,AMEX60DD053205,GDNF,GFRA1
3087,AMEX60DD020026,AMEX60DD053205,ARTN,GFRA1
3130,AMEX60DD014862,AMEX60DD052346,EFNA1,EPHA2
3131,AMEX60DD014882,AMEX60DD052346,EFNA4,EPHA2
3136,AMEX60DD036126,AMEX60DD022702,TGFB2,TGFBR2
3137,AMEX60DD054671,AMEX60DD026376,S100A10,TRPV6
3141,AMEX60DD052255,AMEX60DD022256,MBL2,CALCR
3142,AMEX60DD053034,AMEX60DD012123,GSTO1,RYR1
3143,AMEX60DD047700,AMEX60DD003146,TNFSF13B,TFRC
3144,AMEX60DD002298,AMEX60DD003146,TF,TFRC
3146,AMEX60DD045327,AMEX60DD055040,VEGFC,NRP2
3147,AMEX60DD024179,AMEX60DD055040,SEMA3B,NRP2
3148,AMEX60DD036418,AMEX60DD055040,VEGFA,NRP2
3149,AMEX60DD025282,AMEX60DD055040,PGF,NRP2
3151,AMEX60DD039450,AMEX60DD055776,ADCYAP1,DPP4
3155,AMEX60DD052412,AMEX60DD055776,CXCL12,DPP4
3156,AMEX60DD009927,AMEX60DD055776,NPY,DPP4
3158,AMEX60DD027633,AMEX60DD055776,ADA,DPP4
3162,AMEX60DD009927,AMEX60DD045196,NPY,NPY1R
3178,AMEX60DD034661,AMEX60DD016868,AFDN,NECTIN4
3193,AMEX60DD034661,AMEX60DD033914,AFDN,EPHA7
3194,AMEX60DD014882,AMEX60DD033914,EFNA4,EPHA7
3195,AMEX60DD029426,AMEX60DD015201,COL2A1,ITGA10
3204,AMEX60DD028845,AMEX60DD044043,GDF9,BMPR1A
3205,AMEX60DD027336,AMEX60DD044043,BMP7,BMPR1A
3208,AMEX60DD028514,AMEX60DD044043,GDF5,BMPR1A
3211,AMEX60DD031854,AMEX60DD020063,ANGPTL2,TIE1
3213,AMEX60DD040289,AMEX60DD020063,ANGPT1,TIE1
3220,AMEX60DD014882,AMEX60DD005849,EFNA4,EPHA10
3233,AMEX60DD033593,AMEX60DD052002,RIMS1,SLC18A3
3236,AMEX60DD049259,AMEX60DD051734,ALOX5AP,ALOX5
3237,AMEX60DD051219,AMEX60DD044563,AGRN,MUSK
3238,AMEX60DD022816,AMEX60DD044563,COLQ,MUSK
3241,AMEX60DD028845,AMEX60DD054991,GDF9,BMPR2
3242,AMEX60DD027336,AMEX60DD054991,BMP7,BMPR2
3245,AMEX60DD003468,AMEX60DD054991,RGMA,BMPR2
3246,AMEX60DD036418,AMEX60DD052063,VEGFA,EPHB2
3247,AMEX60DD034661,AMEX60DD052063,AFDN,EPHB2
3249,AMEX60DD027512,AMEX60DD013570,PLTP,ABCA1
3250,AMEX60DD028845,AMEX60DD038999,GDF9,TGFBR1
3254,AMEX60DD041932,AMEX60DD022850,GDNF,EDNRB
3271,AMEX60DD051219,AMEX60DD005288,AGRN,LRP4
3272,AMEX60DD043761,AMEX60DD004952,NRG1,LGR4
3276,AMEX60DD040289,AMEX60DD044621,ANGPT1,TEK
3277,AMEX60DD005922,AMEX60DD046213,COL8A2,SLC4A11
3281,AMEX60DD006363,AMEX60DD048520,IRAK4,TLR7
3284,AMEX60DD045792,AMEX60DD033101,SLIT2,SDC1
3287,AMEX60DD039130,AMEX60DD029322,LAMA1,TMPRSS6
3297,AMEX60DD033369,AMEX60DD011957,ALKAL2,ALK
3330,AMEX60DD019011,AMEX60DD055359,CCN1,ITGB2
3331,AMEX60DD046082,AMEX60DD055359,SPON2,ITGB2
3338,AMEX60DD033801,AMEX60DDU001036868,CGA,FSHR
3339,AMEX60DD004926,AMEX60DDU001036868,FSHB,FSHR
3342,AMEX60DD034687,AMEX60DD055675,LAMA2,ITGA6
3343,AMEX60DD002596,AMEX60DD055675,ADAM9,ITGA6
3346,AMEX60DD045792,AMEX60DD041771,SLIT2,DCC
3350,AMEX60DDU001003602,AMEX60DD002586,NCAM1,FGFR1
3351,AMEX60DD037078,AMEX60DD002586,FGF16,FGFR1
3352,AMEX60DD003212,AMEX60DD002586,FGF12,FGFR1
3357,AMEX60DD003468,AMEX60DD044042,RGMA,BMPR1B
3358,AMEX60DD045327,AMEX60DD041836,VEGFC,CCBE1
3371,AMEX60DD045792,AMEX60DD047487,SLIT2,ROBO2
3374,AMEX60DDU001003602,AMEX60DD047489,NCAM1,ROBO1
3375,AMEX60DD045792,AMEX60DD047489,SLIT2,ROBO1
3376,AMEX60DD003468,AMEX60DD012818,RGMA,TFR2
3382,AMEX60DD039450,AMEX60DD011301,ADCYAP1,TSHR
3383,AMEX60DD033801,AMEX60DD011301,CGA,TSHR
3391,AMEX60DD052441,AMEX60DD030011,GDF10,ACVR1B
3392,AMEX60DD039450,AMEX60DDU001005617,ADCYAP1,GPR84
3393,AMEX60DD033801,AMEX60DDU001005617,CGA,GPR84
3395,AMEX60DD036418,AMEX60DD009754,VEGFA,ITGB3
3396,AMEX60DDU001029229,AMEX60DD007263,APELA,APLNR
3397,AMEX60DD036418,AMEX60DD029106,VEGFA,GRIN2B
